timestamp,symbol,open,high,low,close,volume,ATR_14,SMA_200,WILLR_10,date
2025-11-14 17:55:00+00:00,QQQ,611.33,611.54,610.73,611.18,332280.0,,,,2025-11-14 12:55:00-05:00
2025-11-14 18:00:00+00:00,QQQ,611.15,611.21,609.54,609.64,724563.0,,,,2025-11-14 13:00:00-05:00
2025-11-14 18:05:00+00:00,QQQ,609.65,610.38,609.19,610.37,657665.0,,,,2025-11-14 13:05:00-05:00
2025-11-14 18:10:00+00:00,QQQ,610.38,611.68,609.98,611.57,656373.0,,,,2025-11-14 13:10:00-05:00
2025-11-14 18:15:00+00:00,QQQ,611.57,611.58,609.96,610.24,533676.0,,,,2025-11-14 13:15:00-05:00
2025-11-14 18:20:00+00:00,QQQ,610.24,610.36,609.21,609.75,549535.0,,,,2025-11-14 13:20:00-05:00
2025-11-14 18:25:00+00:00,QQQ,609.79,610.32,609.43,610.27,369429.0,,,,2025-11-14 13:25:00-05:00
2025-11-14 18:30:00+00:00,QQQ,610.27,610.82,609.87,610.53,477714.0,,,,2025-11-14 13:30:00-05:00
2025-11-14 18:35:00+00:00,QQQ,610.5,610.62,608.98,609.18,468570.0,,,,2025-11-14 13:35:00-05:00
2025-11-14 18:40:00+00:00,QQQ,609.19,609.29,608.38,608.55,761505.0,,,-94.84848484848601,2025-11-14 13:40:00-05:00
2025-11-14 18:45:00+00:00,QQQ,608.55,609.01,608.42,608.87,468365.0,,,-85.15151515151467,2025-11-14 13:45:00-05:00
2025-11-14 18:50:00+00:00,QQQ,608.89,610.84,608.89,610.75,564741.0,,,-28.181818181817054,2025-11-14 13:50:00-05:00
2025-11-14 18:55:00+00:00,QQQ,610.77,611.02,610.05,610.41,471340.0,,,-38.48484848484846,2025-11-14 13:55:00-05:00
2025-11-14 19:00:00+00:00,QQQ,610.42,610.69,609.85,610.0,420364.0,1.2071428571428637,,-49.37500000000058,2025-11-14 14:00:00-05:00
2025-11-14 19:05:00+00:00,QQQ,610.01,610.33,609.26,609.66,484397.0,1.19734693877552,,-51.51515151515229,2025-11-14 14:05:00-05:00
2025-11-14 19:10:00+00:00,QQQ,609.65,610.07,609.27,609.93,347721.0,1.1689650145772734,,-41.2878787878802,2025-11-14 14:10:00-05:00
2025-11-14 19:15:00+00:00,QQQ,609.95,610.5,609.9,610.17,329002.0,1.1283246563931841,,-32.196969696970726,2025-11-14 14:15:00-05:00
2025-11-14 19:20:00+00:00,QQQ,610.16,611.61,610.15,611.45,525436.0,1.1520157523651022,,-4.953560371516019,2025-11-14 14:20:00-05:00
2025-11-14 19:25:00+00:00,QQQ,611.45,611.5,610.66,611.18,340649.0,1.1297289129104544,,-13.312693498453909,2025-11-14 14:25:00-05:00
2025-11-14 19:30:00+00:00,QQQ,611.17,611.54,610.69,610.97,329987.0,1.109748276273987,,-20.062695924764117,2025-11-14 14:30:00-05:00
2025-11-14 19:35:00+00:00,QQQ,610.99,611.5,610.78,611.36,240888.0,1.08190911368299,,-9.191176470588147,2025-11-14 14:35:00-05:00
2025-11-14 19:40:00+00:00,QQQ,611.38,611.4,610.95,611.16,311686.0,1.0367727484199145,,-19.148936170214515,2025-11-14 14:40:00-05:00
2025-11-14 19:45:00+00:00,QQQ,611.2,612.11,611.15,611.45,450109.0,1.0312889806756376,,-23.157894736840802,2025-11-14 14:45:00-05:00
2025-11-14 19:50:00+00:00,QQQ,611.38,612.07,611.28,611.62,290938.0,1.0140540534845262,,-17.192982456140538,2025-11-14 14:50:00-05:00
2025-11-14 19:55:00+00:00,QQQ,611.63,611.93,611.29,611.78,344965.0,0.9873359068070591,,-11.61971830986046,2025-11-14 14:55:00-05:00
2025-11-14 20:00:00+00:00,QQQ,611.8,612.34,611.59,611.94,511234.0,0.9703833420351263,,-16.393442622949518,2025-11-14 15:00:00-05:00
2025-11-14 20:05:00+00:00,QQQ,611.96,612.0,610.9,611.1,458428.0,0.9796416747469047,,-56.621004566209045,2025-11-14 15:05:00-05:00
2025-11-14 20:10:00+00:00,QQQ,611.12,611.6,610.66,610.8,386229.0,0.9768101265507011,,-91.6666666666678,2025-11-14 15:10:00-05:00
2025-11-14 20:15:00+00:00,QQQ,610.81,610.97,609.88,610.03,515005.0,0.9848951175113676,,-93.90243902439126,2025-11-14 15:15:00-05:00
2025-11-14 20:20:00+00:00,QQQ,610.02,610.16,609.25,609.77,631312.0,0.9795454662605534,,-83.17152103559947,2025-11-14 15:20:00-05:00
2025-11-14 20:25:00+00:00,QQQ,609.77,609.95,609.32,609.68,394294.0,0.9545779329562278,,-86.08414239482377,2025-11-14 15:25:00-05:00
2025-11-14 20:30:00+00:00,QQQ,609.67,610.21,609.3,609.92,494298.0,0.9513937948879317,,-78.31715210356141,2025-11-14 15:30:00-05:00
2025-11-14 20:35:00+00:00,QQQ,609.94,610.17,609.28,609.47,578274.0,0.9470085238245071,,-92.88025889967557,2025-11-14 15:35:00-05:00
2025-11-14 20:40:00+00:00,QQQ,609.44,609.47,608.78,608.88,673138.0,0.9286507721227605,,-97.19101123595446,2025-11-14 15:40:00-05:00
2025-11-14 20:45:00+00:00,QQQ,608.88,609.38,607.98,608.0,762094.0,0.9623185741139904,,-99.54128440367013,2025-11-14 15:45:00-05:00
2025-11-14 20:50:00+00:00,QQQ,607.99,609.03,607.99,608.33,1245962.0,0.9678672473915599,,-91.29353233830784,2025-11-14 15:50:00-05:00
2025-11-14 20:55:00+00:00,QQQ,608.33,608.84,608.13,608.82,2035354.0,0.9494481582921653,,-76.79558011049639,2025-11-14 15:55:00-05:00
2025-11-17 14:30:00+00:00,QQQ,606.3,608.72,605.24,608.61,1637881.0,1.1373447184141565,,-41.1867364746947,2025-11-17 09:30:00-05:00
2025-11-17 14:35:00+00:00,QQQ,608.62,610.62,608.32,610.49,1277188.0,1.2203915242417136,,-2.4163568773233335,2025-11-17 09:35:00-05:00
2025-11-17 14:40:00+00:00,QQQ,610.47,611.17,609.74,610.17,1047336.0,1.2353635582244449,,-16.863406408094573,2025-11-17 09:40:00-05:00
2025-11-17 14:45:00+00:00,QQQ,610.19,611.86,610.03,611.63,900123.0,1.2778375897798446,,-3.4743202416921193,2025-11-17 09:45:00-05:00
2025-11-17 14:50:00+00:00,QQQ,611.67,612.46,611.53,612.08,824932.0,1.2529920476527174,,-5.263157894736759,2025-11-17 09:50:00-05:00
2025-11-17 14:55:00+00:00,QQQ,612.09,612.48,610.93,611.17,832222.0,1.274206901391814,,-18.09392265193449,2025-11-17 09:55:00-05:00
2025-11-17 15:00:00+00:00,QQQ,611.16,611.58,608.83,609.2,930475.0,1.3796206941495417,,-45.30386740331448,2025-11-17 10:00:00-05:00
2025-11-17 15:05:00+00:00,QQQ,609.18,610.19,607.82,608.3,976979.0,1.4503620731388605,,-57.734806629835056,2025-11-17 10:05:00-05:00
2025-11-17 15:10:00+00:00,QQQ,608.32,609.83,608.25,609.39,782671.0,1.4596219250575164,,-42.67955801105011,2025-11-17 10:10:00-05:00
2025-11-17 15:15:00+00:00,QQQ,609.41,609.77,607.68,607.95,585831.0,1.5046489304105533,,-62.56906077348021,2025-11-17 10:15:00-05:00
2025-11-17 15:20:00+00:00,QQQ,607.92,609.43,607.75,608.69,741756.0,1.5171740068097959,,-78.95833333333145,2025-11-17 10:20:00-05:00
2025-11-17 15:25:00+00:00,QQQ,608.68,610.13,608.04,609.68,602718.0,1.558090149180527,,-58.333333333333925,2025-11-17 10:25:00-05:00
2025-11-17 15:30:00+00:00,QQQ,609.65,610.11,607.76,608.48,850782.0,1.6146551385247767,,-83.33333333333215,2025-11-17 10:30:00-05:00
2025-11-17 15:35:00+00:00,QQQ,608.46,609.11,607.99,608.22,636321.0,1.57932262863015,,-88.74999999999855,2025-11-17 10:35:00-05:00
2025-11-17 15:40:00+00:00,QQQ,608.21,609.66,607.82,609.63,680795.0,1.597942440870848,,-59.37499999999962,2025-11-17 10:40:00-05:00
2025-11-17 15:45:00+00:00,QQQ,609.63,609.97,608.59,608.93,553211.0,1.5823751236657873,,-67.9487179487187,2025-11-17 10:45:00-05:00
2025-11-17 15:50:00+00:00,QQQ,608.96,609.28,608.24,608.79,373945.0,1.5436340434039426,,-55.77689243028019,2025-11-17 10:50:00-05:00
2025-11-17 15:55:00+00:00,QQQ,608.81,609.13,607.8,608.32,516937.0,1.5283744688750924,,-73.87755102040457,2025-11-17 10:55:00-05:00
2025-11-17 16:00:00+00:00,QQQ,608.3,608.68,607.07,607.68,578424.0,1.534204863955436,,-80.06535947712709,2025-11-17 11:00:00-05:00
2025-11-17 16:05:00+00:00,QQQ,607.71,607.79,606.17,606.5,582543.0,1.5403330879586197,,-91.6666666666657,2025-11-17 11:05:00-05:00
2025-11-17 16:10:00+00:00,QQQ,606.51,606.95,605.82,606.07,585006.0,1.5110235816758608,,-94.19953596287695,2025-11-17 11:10:00-05:00
2025-11-17 16:15:00+00:00,QQQ,606.07,606.07,605.08,605.41,685553.0,1.4738076115561571,,-93.43936381709884,2025-11-17 11:15:00-05:00
2025-11-17 16:20:00+00:00,QQQ,605.42,606.19,605.04,606.07,649210.0,1.4506784964450097,,-79.10750507099243,2025-11-17 11:20:00-05:00
2025-11-17 16:25:00+00:00,QQQ,606.06,608.1,605.62,608.05,768485.0,1.524201460984653,,-38.94523326572106,2025-11-17 11:25:00-05:00
2025-11-17 16:30:00+00:00,QQQ,608.06,609.01,607.93,608.7,806204.0,1.492472785200038,,-25.76064908722039,2025-11-17 11:30:00-05:00
2025-11-17 16:35:00+00:00,QQQ,608.73,609.34,608.24,609.12,550087.0,1.4644390148286084,,-5.116279069767993,2025-11-17 11:35:00-05:00
2025-11-17 16:40:00+00:00,QQQ,609.11,610.1,609.08,609.73,458047.0,1.432693370912278,,-7.31225296442688,2025-11-17 11:40:00-05:00
2025-11-17 16:45:00+00:00,QQQ,609.74,610.26,609.52,609.91,378250.0,1.3832152729899732,,-6.704980842912278,2025-11-17 11:45:00-05:00
2025-11-17 16:50:00+00:00,QQQ,609.97,610.83,609.97,610.58,456084.0,1.350128467776409,,-4.317789291882502,2025-11-17 11:50:00-05:00
2025-11-17 16:55:00+00:00,QQQ,610.54,611.18,609.98,611.08,446269.0,1.3394050057923748,,-1.6286644951125306,2025-11-17 11:55:00-05:00
2025-11-17 17:00:00+00:00,QQQ,611.07,611.14,610.37,610.58,520716.0,1.2987332196643466,,-9.771986970682578,2025-11-17 12:00:00-05:00
2025-11-17 17:05:00+00:00,QQQ,610.57,610.83,610.2,610.69,395150.0,1.250966561116893,,-7.980456026056948,2025-11-17 12:05:00-05:00
2025-11-17 17:10:00+00:00,QQQ,610.7,610.78,609.89,610.28,374640.0,1.2251832353228282,,-16.187050359711986,2025-11-17 12:10:00-05:00
2025-11-17 17:15:00+00:00,QQQ,610.27,610.35,609.31,609.81,404157.0,1.2119558613712031,,-42.153846153846295,2025-11-17 12:15:00-05:00
2025-11-17 17:20:00+00:00,QQQ,609.8,610.24,609.42,609.94,322832.0,1.1839590141304064,,-42.176870748296615,2025-11-17 12:20:00-05:00
2025-11-17 17:25:00+00:00,QQQ,609.95,610.14,609.39,609.95,282732.0,1.1529619416925203,,-58.571428571426566,2025-11-17 12:25:00-05:00
2025-11-17 17:30:00+00:00,QQQ,609.96,610.16,609.49,610.0,303949.0,1.1184646601430517,,-63.10160427807203,2025-11-17 12:30:00-05:00
2025-11-17 17:35:00+00:00,QQQ,609.99,610.31,608.84,609.01,378883.0,1.1435743272756846,,-92.73504273504423,2025-11-17 12:35:00-05:00
2025-11-17 17:40:00+00:00,QQQ,609.02,609.03,608.0,608.17,461768.0,1.1354618753274195,,-94.65408805031566,2025-11-17 12:40:00-05:00
2025-11-17 17:45:00+00:00,QQQ,608.19,608.24,607.28,608.01,597623.0,1.1229288842326064,,-81.088082901554,2025-11-17 12:45:00-05:00
2025-11-17 17:50:00+00:00,QQQ,608.02,608.12,606.78,606.86,436042.0,1.1384339639302798,,-98.02469135802372,2025-11-17 12:50:00-05:00
2025-11-17 17:55:00+00:00,QQQ,606.86,607.13,606.28,606.37,315756.0,1.1178315379352615,,-97.99999999999929,2025-11-17 12:55:00-05:00
2025-11-17 18:00:00+00:00,QQQ,606.37,606.4,605.44,605.67,740981.0,1.1065578566541658,,-95.31568228106097,2025-11-17 13:00:00-05:00
2025-11-17 18:05:00+00:00,QQQ,605.72,606.09,605.26,605.68,650813.0,1.0868037240360142,,-91.68316831683242,2025-11-17 13:05:00-05:00
2025-11-17 18:10:00+00:00,QQQ,605.64,606.65,605.52,606.03,730190.0,1.0898891723191557,,-84.75247524752497,2025-11-17 13:10:00-05:00
2025-11-17 18:15:00+00:00,QQQ,606.05,606.57,605.55,606.34,409201.0,1.08489708858208,,-78.6138613861376,2025-11-17 13:15:00-05:00
2025-11-17 18:20:00+00:00,QQQ,606.38,606.72,605.79,605.98,387521.0,1.0738330108262215,,-85.74257425742508,2025-11-17 13:20:00-05:00
2025-11-17 18:25:00+00:00,QQQ,605.99,606.26,605.6,605.92,285294.0,1.0442735100529177,,-82.49336870026602,2025-11-17 13:25:00-05:00
2025-11-17 18:30:00+00:00,QQQ,605.88,605.98,605.34,605.56,411769.0,1.0153968307634227,,-89.93288590604186,2025-11-17 13:30:00-05:00
2025-11-17 18:35:00+00:00,QQQ,605.56,606.12,605.37,605.76,343738.0,0.9964399142803211,,-82.5174825174826,2025-11-17 13:35:00-05:00
2025-11-17 18:40:00+00:00,QQQ,605.81,606.42,605.45,606.33,332505.0,0.9945513489745776,,-42.78074866309907,2025-11-17 13:40:00-05:00
2025-11-17 18:45:00+00:00,QQQ,606.32,607.6,606.29,606.65,556885.0,1.0170833954763978,,-40.59829059829199,2025-11-17 13:45:00-05:00
2025-11-17 18:50:00+00:00,QQQ,606.64,606.98,605.47,605.54,489605.0,1.0522917243709402,,-88.03418803418937,2025-11-17 13:50:00-05:00
2025-11-17 18:55:00+00:00,QQQ,605.53,605.53,603.62,603.81,794132.0,1.1142708869158702,,-95.22613065326783,2025-11-17 13:55:00-05:00
2025-11-17 19:00:00+00:00,QQQ,603.83,604.19,602.74,603.3,783382.0,1.138251537850454,,-88.47736625514518,2025-11-17 14:00:00-05:00
2025-11-17 19:05:00+00:00,QQQ,603.29,604.0,602.96,603.8,814028.0,1.1312335708611334,,-78.18930041152382,2025-11-17 14:05:00-05:00
2025-11-17 19:10:00+00:00,QQQ,603.8,604.23,603.23,603.47,460086.0,1.1218597443710525,,-84.97942386831244,2025-11-17 14:10:00-05:00
2025-11-17 19:15:00+00:00,QQQ,603.5,603.56,602.66,603.02,347527.0,1.1060126197731186,,-92.71255060728726,2025-11-17 14:15:00-05:00
2025-11-17 19:20:00+00:00,QQQ,603.05,603.28,602.62,603.01,354815.0,1.074154575503608,,-92.16867469879548,2025-11-17 14:20:00-05:00
2025-11-17 19:25:00+00:00,QQQ,603.0,603.22,602.11,603.13,616440.0,1.076714962967637,,-81.42076502732276,2025-11-17 14:25:00-05:00
2025-11-17 19:30:00+00:00,QQQ,603.13,603.56,601.93,602.24,646469.0,1.1162353227556625,,-94.53262786596022,2025-11-17 14:30:00-05:00
2025-11-17 19:35:00+00:00,QQQ,602.23,602.64,601.28,601.31,467044.0,1.1336470854159733,,-99.4736842105268,2025-11-17 14:35:00-05:00
2025-11-17 19:40:00+00:00,QQQ,601.32,602.11,600.99,601.96,532152.0,1.1326722936005469,,-78.6343612334794,2025-11-17 14:40:00-05:00
2025-11-17 19:45:00+00:00,QQQ,601.94,602.06,600.81,601.55,571789.0,1.1410528440576506,,-78.3625730994154,2025-11-17 14:45:00-05:00
2025-11-17 19:50:00+00:00,QQQ,601.56,601.92,601.18,601.35,415929.0,1.1124062123392477,,-84.21052631578755,2025-11-17 14:50:00-05:00
2025-11-17 19:55:00+00:00,QQQ,601.36,601.41,600.4,600.46,625234.0,1.1050914828864435,,-98.43342036553372,2025-11-17 14:55:00-05:00
2025-11-17 20:00:00+00:00,QQQ,600.44,600.66,599.87,600.43,837845.0,1.0825849483945522,,-84.82384823848362,2025-11-17 15:00:00-05:00
2025-11-17 20:05:00+00:00,QQQ,600.41,601.27,600.28,600.61,687133.0,1.075971737794942,,-79.94579945799401,2025-11-17 15:05:00-05:00
2025-11-17 20:10:00+00:00,QQQ,600.59,601.44,600.29,600.35,756887.0,1.0812594708095955,,-86.99186991869848,2025-11-17 15:10:00-05:00
2025-11-17 20:15:00+00:00,QQQ,600.38,601.8,600.15,600.78,730903.0,1.1218837943231943,,-75.33875338753434,2025-11-17 15:15:00-05:00
2025-11-17 20:20:00+00:00,QQQ,600.75,601.64,600.61,601.41,568711.0,1.11532066615725,,-44.40433212996485,2025-11-17 15:20:00-05:00
2025-11-17 20:25:00+00:00,QQQ,601.4,601.69,600.85,601.24,568591.0,1.0956549042888772,,-38.839285714285765,2025-11-17 15:25:00-05:00
2025-11-17 20:30:00+00:00,QQQ,601.23,601.84,600.56,600.8,684411.0,1.1088224111253921,,-57.53424657534361,2025-11-17 15:30:00-05:00
2025-11-17 20:35:00+00:00,QQQ,600.8,601.64,600.63,600.66,577111.0,1.1017636674735778,,-61.46341463414726,2025-11-17 15:35:00-05:00
2025-11-17 20:40:00+00:00,QQQ,600.65,601.44,600.58,601.43,598599.0,1.084494834082609,,-20.812182741120623,2025-11-17 15:40:00-05:00
2025-11-17 20:45:00+00:00,QQQ,601.42,602.74,601.36,602.61,979212.0,1.105602345933851,,-4.5296167247385055,2025-11-17 15:45:00-05:00
2025-11-17 20:50:00+00:00,QQQ,602.64,603.59,602.06,602.47,1327859.0,1.1359164640814394,,-32.55813953488334,2025-11-17 15:50:00-05:00
2025-11-17 20:55:00+00:00,QQQ,602.44,603.74,602.36,603.65,2320108.0,1.1533510023613365,,-2.506963788301697,2025-11-17 15:55:00-05:00
2025-11-18 14:30:00+00:00,QQQ,599.62,602.31,598.29,600.21,2657050.0,1.4538259307640993,,-64.77064220183382,2025-11-18 09:30:00-05:00
2025-11-18 14:35:00+00:00,QQQ,600.22,601.24,599.57,600.08,1885813.0,1.4692669357095178,,-67.15596330275116,2025-11-18 09:35:00-05:00
2025-11-18 14:40:00+00:00,QQQ,600.06,600.7,597.85,598.05,1732186.0,1.5678907260159827,,-96.60441426146124,2025-11-18 09:40:00-05:00
2025-11-18 14:45:00+00:00,QQQ,598.03,600.07,597.09,597.27,1905487.0,1.6687556741576997,,-97.2932330827075,2025-11-18 09:45:00-05:00
2025-11-18 14:50:00+00:00,QQQ,597.29,597.76,595.94,596.14,1718524.0,1.679558840289288,,-97.4358974358983,2025-11-18 09:50:00-05:00
2025-11-18 14:55:00+00:00,QQQ,596.15,596.44,594.8,594.86,1614513.0,1.6767332088400604,,-99.32885906040202,2025-11-18 09:55:00-05:00
2025-11-18 15:00:00+00:00,QQQ,594.83,595.64,592.69,592.91,1993241.0,1.7676808367800512,,-98.00904977375643,2025-11-18 10:00:00-05:00
2025-11-18 15:05:00+00:00,QQQ,592.91,595.76,592.59,595.31,1852522.0,1.8678464912957589,,-75.60538116592001,2025-11-18 10:05:00-05:00
2025-11-18 15:10:00+00:00,QQQ,595.3,596.0,593.28,594.97,1341112.0,1.9287145990603494,,-78.65470852017937,2025-11-18 10:10:00-05:00
2025-11-18 15:15:00+00:00,QQQ,594.95,595.1,592.73,594.21,1173151.0,1.9602349848417533,,-83.33333333333314,2025-11-18 10:15:00-05:00
2025-11-18 15:20:00+00:00,QQQ,594.18,596.92,594.04,595.62,1571243.0,2.025932485924485,,-64.97109826589617,2025-11-18 10:20:00-05:00
2025-11-18 15:25:00+00:00,QQQ,595.62,596.92,595.22,595.38,1148015.0,2.0026515940727316,,-65.5980271270042,2025-11-18 10:25:00-05:00
2025-11-18 15:30:00+00:00,QQQ,595.38,596.49,594.27,594.73,1131256.0,2.0181764802103954,,-71.39037433155106,2025-11-18 10:30:00-05:00
2025-11-18 15:35:00+00:00,QQQ,594.74,594.79,593.1,594.31,1103556.0,1.994735303052506,,-66.73114119922772,2025-11-18 10:35:00-05:00
2025-11-18 15:40:00+00:00,QQQ,594.28,595.24,593.43,594.22,867796.0,1.9815399242630454,,-62.355658198613796,2025-11-18 10:40:00-05:00
2025-11-18 15:45:00+00:00,QQQ,594.21,594.34,593.57,593.86,642101.0,1.895001358244255,,-70.66974595842949,2025-11-18 10:45:00-05:00
2025-11-18 15:50:00+00:00,QQQ,593.83,594.6,592.79,594.14,852628.0,1.8889298326553838,,-64.2032332563515,2025-11-18 10:50:00-05:00
2025-11-18 15:55:00+00:00,QQQ,594.16,595.0,593.22,593.28,657986.0,1.8811491303228545,,-86.87350835322285,2025-11-18 10:55:00-05:00
2025-11-18 16:00:00+00:00,QQQ,593.29,593.63,591.34,592.26,1302845.0,1.9103527638712194,,-83.51254480286791,2025-11-18 11:00:00-05:00
2025-11-18 16:05:00+00:00,QQQ,592.25,594.6,591.91,594.49,893091.0,1.9660418521661363,,-43.548387096773865,2025-11-18 11:05:00-05:00
2025-11-18 16:10:00+00:00,QQQ,594.49,595.92,594.23,595.03,1050909.0,1.9463245770114082,,-33.87096774193567,2025-11-18 11:10:00-05:00
2025-11-18 16:15:00+00:00,QQQ,595.02,595.86,593.96,595.48,736793.0,1.943015678653449,,-19.611650485436805,2025-11-18 11:15:00-05:00
2025-11-18 16:20:00+00:00,QQQ,595.48,596.84,595.4,596.5,748920.0,1.9070859873210637,,-6.181818181818766,2025-11-18 11:20:00-05:00
2025-11-18 16:25:00+00:00,QQQ,596.51,598.33,596.42,597.87,1264930.0,1.907294131083851,,-6.580829756795936,2025-11-18 11:25:00-05:00
2025-11-18 16:30:00+00:00,QQQ,597.87,598.61,597.64,597.83,934387.0,1.8403445502921492,,-10.729023383768565,2025-11-18 11:30:00-05:00
2025-11-18 16:35:00+00:00,QQQ,597.85,599.0,597.58,597.7,733748.0,1.8103199395569929,,-16.971279373367622,2025-11-18 11:35:00-05:00
2025-11-18 16:40:00+00:00,QQQ,597.69,598.76,597.4,598.6,583067.0,1.7781542295886372,,-5.221932114882232,2025-11-18 11:40:00-05:00
2025-11-18 16:45:00+00:00,QQQ,598.55,599.15,597.15,597.78,800888.0,1.7940003560465918,,-17.541613316261383,2025-11-18 11:45:00-05:00
2025-11-18 16:50:00+00:00,QQQ,597.81,598.41,597.18,598.0,443316.0,1.7537146163289794,,-15.883977900552148,2025-11-18 11:50:00-05:00
2025-11-18 16:55:00+00:00,QQQ,598.04,598.75,597.5,597.98,471495.0,1.7177350008769094,,-22.54335260115554,2025-11-18 11:55:00-05:00
2025-11-18 17:00:00+00:00,QQQ,597.96,598.94,597.8,598.06,548194.0,1.6764682150999946,,-21.00192678227446,2025-11-18 12:00:00-05:00
2025-11-18 17:05:00+00:00,QQQ,598.02,598.15,596.98,597.28,600030.0,1.6402919140214207,,-49.866666666666795,2025-11-18 12:05:00-05:00
2025-11-18 17:10:00+00:00,QQQ,597.2,597.79,596.46,596.55,453978.0,1.6181282058770285,,-95.23809523809544,2025-11-18 12:10:00-05:00
2025-11-18 17:15:00+00:00,QQQ,596.54,597.36,596.06,596.39,572852.0,1.5954047626001027,,-89.32038834951335,2025-11-18 12:15:00-05:00
2025-11-18 17:20:00+00:00,QQQ,596.4,597.59,596.06,596.23,421683.0,1.5907329938429586,,-94.49838187702035,2025-11-18 12:20:00-05:00
2025-11-18 17:25:00+00:00,QQQ,596.24,596.85,594.96,595.13,680637.0,1.6121092085684605,,-95.94272076372407,2025-11-18 12:25:00-05:00
2025-11-18 17:30:00+00:00,QQQ,595.08,595.41,594.1,595.33,659459.0,1.5905299793849952,,-75.64356435643506,2025-11-18 12:30:00-05:00
2025-11-18 17:35:00+00:00,QQQ,595.29,597.73,595.13,597.65,733360.0,1.6626349808574972,,-26.6528925619849,2025-11-18 12:35:00-05:00
2025-11-18 17:40:00+00:00,QQQ,597.65,599.93,597.65,599.61,886390.0,1.7067324822248169,,-5.488850771868615,2025-11-18 12:40:00-05:00
2025-11-18 17:45:00+00:00,QQQ,599.62,599.9,598.24,599.68,756505.0,1.703394447780185,,-4.288164665523208,2025-11-18 12:45:00-05:00
2025-11-18 17:50:00+00:00,QQQ,599.66,600.2,598.69,600.1,607171.0,1.6895805586530284,,-1.6393442622954502,2025-11-18 12:50:00-05:00
2025-11-18 17:55:00+00:00,QQQ,600.03,601.13,598.25,600.4,671171.0,1.7746105187492403,,-10.384068278805426,2025-11-18 12:55:00-05:00
2025-11-18 18:00:00+00:00,QQQ,600.42,601.03,599.99,600.45,463484.0,1.7221383388385776,,-9.672830725461633,2025-11-18 13:00:00-05:00
2025-11-18 18:05:00+00:00,QQQ,600.46,601.18,600.23,600.68,463691.0,1.666985600350103,,-7.062146892655441,2025-11-18 13:05:00-05:00
2025-11-18 18:10:00+00:00,QQQ,600.65,601.35,600.37,600.54,359869.0,1.617915200325097,,-11.172413793104264,2025-11-18 13:10:00-05:00
2025-11-18 18:15:00+00:00,QQQ,600.55,600.8,599.88,600.69,432379.0,1.568064114587587,,-9.103448275861625,2025-11-18 13:15:00-05:00
2025-11-18 18:20:00+00:00,QQQ,600.74,600.97,599.67,600.74,336326.0,1.5489166778313357,,-9.807073954984102,2025-11-18 13:20:00-05:00
2025-11-18 18:25:00+00:00,QQQ,600.75,601.01,599.72,599.8,429380.0,1.5304226294148093,,-41.891891891893216,2025-11-18 13:25:00-05:00
2025-11-18 18:30:00+00:00,QQQ,599.8,601.23,599.8,600.98,313011.0,1.5232495844566134,,-11.89710610932485,2025-11-18 13:30:00-05:00
2025-11-18 18:35:00+00:00,QQQ,600.98,601.22,599.48,600.4,424861.0,1.5387317569954275,,-30.64516129032382,2025-11-18 13:35:00-05:00
2025-11-18 18:40:00+00:00,QQQ,600.38,601.57,599.85,600.33,484088.0,1.5516794886386132,,-37.34939759036116,2025-11-18 13:40:00-05:00
2025-11-18 18:45:00+00:00,QQQ,600.34,600.94,600.02,600.8,344403.0,1.5065595251644317,,-36.842105263161905,2025-11-18 13:45:00-05:00
2025-11-18 18:50:00+00:00,QQQ,600.8,601.63,600.51,601.0,340654.0,1.4789481305098298,,-29.30232558139545,2025-11-18 13:50:00-05:00
2025-11-18 18:55:00+00:00,QQQ,600.99,601.02,598.94,599.35,632660.0,1.5218804069019796,,-84.75836431226851,2025-11-18 13:55:00-05:00
2025-11-18 19:00:00+00:00,QQQ,599.35,600.72,599.18,599.4,474530.0,1.5231746635518437,,-82.8996282527906,2025-11-18 14:00:00-05:00
2025-11-18 19:05:00+00:00,QQQ,599.4,600.5,599.35,600.3,361197.0,1.4965193304409963,,-49.442379182158746,2025-11-18 14:05:00-05:00
2025-11-18 19:10:00+00:00,QQQ,600.31,600.92,599.78,600.52,440724.0,1.4710536639809242,,-41.263940520447505,2025-11-18 14:10:00-05:00
2025-11-18 19:15:00+00:00,QQQ,600.54,600.64,599.28,600.52,342454.0,1.4631212594108591,,-41.263940520447505,2025-11-18 14:15:00-05:00
2025-11-18 19:20:00+00:00,QQQ,600.54,600.8,599.18,599.6,356687.0,1.4743268837386554,,-75.46468401487053,2025-11-18 14:20:00-05:00
2025-11-18 19:25:00+00:00,QQQ,599.6,600.01,598.96,599.4,282625.0,1.4440178206144627,,-82.8996282527906,2025-11-18 14:25:00-05:00
2025-11-18 19:30:00+00:00,QQQ,599.43,599.71,598.79,599.13,329604.0,1.4065879762848634,,-88.02816901408352,2025-11-18 14:30:00-05:00
2025-11-18 19:35:00+00:00,QQQ,599.18,601.5,599.05,601.42,517522.0,1.4811174065502335,,-7.394366197184299,2025-11-18 14:35:00-05:00
2025-11-18 19:40:00+00:00,QQQ,601.42,601.79,599.78,600.03,533786.0,1.5188947346537875,,-58.66666666666636,2025-11-18 14:40:00-05:00
2025-11-18 19:45:00+00:00,QQQ,600.05,601.59,600.0,600.9,393491.0,1.5239736821785195,,-29.66666666666621,2025-11-18 14:45:00-05:00
2025-11-18 19:50:00+00:00,QQQ,600.85,601.02,599.62,599.73,338443.0,1.5151184191657665,,-68.66666666666485,2025-11-18 14:50:00-05:00
2025-11-18 19:55:00+00:00,QQQ,599.69,601.04,599.31,600.96,361389.0,1.5304671035110702,,-27.66666666666424,2025-11-18 14:55:00-05:00
2025-11-18 20:00:00+00:00,QQQ,600.97,601.44,600.04,600.09,487465.0,1.5211480246888576,,-56.6666666666644,2025-11-18 15:00:00-05:00
2025-11-18 20:05:00+00:00,QQQ,600.09,600.18,599.36,599.65,389996.0,1.4710660229253634,,-71.33333333333287,2025-11-18 15:05:00-05:00
2025-11-18 20:10:00+00:00,QQQ,599.68,599.87,599.12,599.57,326036.0,1.4195613070021231,,-73.99999999999712,2025-11-18 15:10:00-05:00
2025-11-18 20:15:00+00:00,QQQ,599.57,600.24,599.21,599.34,393404.0,1.3917354993591124,,-81.66666666666438,2025-11-18 15:15:00-05:00
2025-11-18 20:20:00+00:00,QQQ,599.34,600.05,598.75,598.97,355775.0,1.3851829636906012,,-92.76315789473585,2025-11-18 15:20:00-05:00
2025-11-18 20:25:00+00:00,QQQ,598.96,599.04,597.84,598.99,607830.0,1.3719556091412677,,-70.88607594936715,2025-11-18 15:25:00-05:00
2025-11-18 20:30:00+00:00,QQQ,598.99,599.35,598.03,598.14,483454.0,1.3682444942026093,,-92.00000000000121,2025-11-18 15:30:00-05:00
2025-11-18 20:35:00+00:00,QQQ,598.27,599.15,598.03,598.72,454270.0,1.350512744616709,,-75.55555555555584,2025-11-18 15:35:00-05:00
2025-11-18 20:40:00+00:00,QQQ,598.73,598.95,598.01,598.09,391491.0,1.3211904057155193,,-93.0555555555556,2025-11-18 15:40:00-05:00
2025-11-18 20:45:00+00:00,QQQ,598.09,598.41,597.28,597.31,653451.0,1.3075339481644104,,-99.27884615384683,2025-11-18 15:45:00-05:00
2025-11-18 20:50:00+00:00,QQQ,597.35,598.84,597.34,597.47,1178965.0,1.3234243804383872,,-93.58108108107932,2025-11-18 15:50:00-05:00
2025-11-18 20:55:00+00:00,QQQ,597.46,597.95,596.19,596.33,2699453.0,1.354608353264216,,-96.54320987654351,2025-11-18 15:55:00-05:00
2025-11-19 14:30:00+00:00,QQQ,597.07,598.05,596.14,597.55,1706225.0,1.3942791851739125,,-65.60975609756194,2025-11-19 09:30:00-05:00
2025-11-19 14:35:00+00:00,QQQ,597.55,599.05,597.44,598.69,1032883.0,1.4096878148043401,,-34.7826086956499,2025-11-19 09:35:00-05:00
2025-11-19 14:40:00+00:00,QQQ,598.67,600.62,598.27,600.26,931186.0,1.476852970889746,,-8.035714285714556,2025-11-19 09:40:00-05:00
2025-11-19 14:45:00+00:00,QQQ,600.25,601.13,599.78,600.89,898152.0,1.467792044397623,,-4.809619238477126,2025-11-19 09:45:00-05:00
2025-11-19 14:50:00+00:00,QQQ,600.9,602.7,600.26,602.62,915995.0,1.5372354697977966,,-1.219512195122563,2025-11-19 09:50:00-05:00
2025-11-19 14:55:00+00:00,QQQ,602.6,604.08,602.29,603.9,1152638.0,1.5552900790979596,,-2.267002518892469,2025-11-19 09:55:00-05:00
2025-11-19 15:00:00+00:00,QQQ,603.89,604.8,603.57,604.62,1395922.0,1.5320550734480984,603.6086999999999,-2.0785219399532373,2025-11-19 10:00:00-05:00
2025-11-19 15:05:00+00:00,QQQ,604.62,605.05,604.31,604.55,1086995.0,1.4754797110589493,603.5755499999999,-5.611672278338964,2025-11-19 10:05:00-05:00
2025-11-19 15:10:00+00:00,QQQ,604.56,605.31,603.89,605.07,1536774.0,1.4715168745547358,603.5527,-2.617230098144996,2025-11-19 10:10:00-05:00
2025-11-19 15:15:00+00:00,QQQ,605.07,606.16,605.05,605.42,1402278.0,1.44569424065797,603.5279499999999,-7.38522954091827,2025-11-19 10:15:00-05:00
2025-11-19 15:20:00+00:00,QQQ,605.44,605.99,604.79,605.61,1052642.0,1.4281446520395469,603.4981499999999,-6.3073394495408275,2025-11-19 10:20:00-05:00
2025-11-19 15:25:00+00:00,QQQ,605.6,605.7,604.92,605.36,715393.0,1.3818486054652996,603.4737499999999,-10.139416983522887,2025-11-19 10:25:00-05:00
2025-11-19 15:30:00+00:00,QQQ,605.36,605.72,604.64,604.84,838435.0,1.3602879907892098,603.4491999999999,-20.689655172412813,2025-11-19 10:30:00-05:00
2025-11-19 15:35:00+00:00,QQQ,604.86,605.15,604.19,604.35,661842.0,1.3316959914471178,603.4195999999998,-30.67796610169411,2025-11-19 10:35:00-05:00
2025-11-19 15:40:00+00:00,QQQ,604.41,604.56,603.79,604.36,685983.0,1.2915748492008938,603.3887499999998,-46.51162790697552,2025-11-19 10:40:00-05:00
2025-11-19 15:45:00+00:00,QQQ,604.36,604.36,603.16,603.19,578490.0,1.2850337885436904,603.3587999999999,-98.99999999999713,2025-11-19 10:45:00-05:00
2025-11-19 15:50:00+00:00,QQQ,603.18,603.19,601.76,602.11,1157027.0,1.2953885179334315,603.3265999999999,-92.04545454545399,2025-11-19 10:50:00-05:00
2025-11-19 15:55:00+00:00,QQQ,602.13,602.13,600.38,600.92,1148354.0,1.3278607666524722,603.2868499999998,-90.65743944636738,2025-11-19 10:55:00-05:00
2025-11-19 16:00:00+00:00,QQQ,600.9,601.31,600.58,600.78,956958.0,1.285156426177289,603.2369999999999,-93.07958477508687,2025-11-19 11:00:00-05:00
2025-11-19 16:05:00+00:00,QQQ,600.79,601.23,599.56,600.11,855684.0,1.3126452528789165,603.1854999999998,-91.44634525660867,2025-11-19 11:05:00-05:00
2025-11-19 16:10:00+00:00,QQQ,600.05,600.15,599.05,599.6,884279.0,1.29745630624471,603.1334999999999,-91.7541229385298,2025-11-19 11:10:00-05:00
2025-11-19 16:15:00+00:00,QQQ,599.59,600.21,599.23,599.74,879388.0,1.2747808557986606,603.0839,-89.6551724137924,2025-11-19 11:15:00-05:00
2025-11-19 16:20:00+00:00,QQQ,599.73,600.61,598.79,598.89,949506.0,1.313725080384474,603.0287,-98.42767295597449,2025-11-19 11:20:00-05:00
2025-11-19 16:25:00+00:00,QQQ,598.84,599.83,598.27,599.41,748433.0,1.3313161460713014,602.9748999999998,-81.87599364069965,2025-11-19 11:25:00-05:00
2025-11-19 16:30:00+00:00,QQQ,599.41,599.81,598.9,599.36,384434.0,1.3012221356376348,602.9144499999999,-82.10180623973685,2025-11-19 11:30:00-05:00
2025-11-19 16:35:00+00:00,QQQ,599.32,599.35,598.08,598.61,536459.0,1.2997062688063732,602.8516,-89.62818003913951,2025-11-19 11:35:00-05:00
2025-11-19 16:40:00+00:00,QQQ,598.58,599.28,598.02,598.8,561754.0,1.2968701067487745,602.79075,-81.02189781021971,2025-11-19 11:40:00-05:00
2025-11-19 16:45:00+00:00,QQQ,598.78,599.38,597.99,598.48,591775.0,1.303522241981004,602.72635,-85.24096385542113,2025-11-19 11:45:00-05:00
2025-11-19 16:50:00+00:00,QQQ,598.43,599.23,598.03,599.01,489015.0,1.2961277961252213,602.6656,-68.51851851851917,2025-11-19 11:50:00-05:00
2025-11-19 16:55:00+00:00,QQQ,599.02,599.7,598.35,599.6,405467.0,1.2999758106877073,602.60635,-38.54961832061027,2025-11-19 11:55:00-05:00
2025-11-19 17:00:00+00:00,QQQ,599.6,599.74,597.27,597.34,636058.0,1.3835489670671588,602.5349500000001,-97.90419161676499,2025-11-19 12:00:00-05:00
2025-11-19 17:05:00+00:00,QQQ,597.32,598.1,596.82,597.48,544906.0,1.3761526122766454,602.4634500000001,-82.5857519788925,2025-11-19 12:05:00-05:00
2025-11-19 17:10:00+00:00,QQQ,597.46,597.67,596.83,597.05,424080.0,1.337855997114022,602.389,-92.35880398671411,2025-11-19 12:10:00-05:00
2025-11-19 17:15:00+00:00,QQQ,597.15,597.9,596.91,597.22,469608.0,1.313009140177307,602.3195999999999,-86.62207357859562,2025-11-19 12:15:00-05:00
2025-11-19 17:20:00+00:00,QQQ,597.25,597.95,597.0,597.29,479925.0,1.2870799158789312,602.2520499999999,-83.90410958904383,2025-11-19 12:20:00-05:00
2025-11-19 17:25:00+00:00,QQQ,597.33,597.96,596.35,597.57,662072.0,1.3101456361732942,602.1897499999999,-64.01179941002854,2025-11-19 12:25:00-05:00
2025-11-19 17:30:00+00:00,QQQ,597.53,597.6,595.92,596.12,582990.0,1.3365638050180635,602.1214999999999,-94.76439790575803,2025-11-19 12:30:00-05:00
2025-11-19 17:35:00+00:00,QQQ,596.1,596.14,594.61,594.91,772230.0,1.3503806760882,602.0476499999999,-94.1520467836266,2025-11-19 12:35:00-05:00
2025-11-19 17:40:00+00:00,QQQ,594.86,597.83,594.59,597.17,931029.0,1.4853534849390435,601.9838999999997,-49.902912621360414,2025-11-19 12:40:00-05:00
2025-11-19 17:45:00+00:00,QQQ,597.16,597.49,595.97,596.78,480449.0,1.4878282360148247,601.9204499999997,-57.47572815534077,2025-11-19 12:45:00-05:00
2025-11-19 17:50:00+00:00,QQQ,596.77,598.06,596.66,597.7,432645.0,1.4815547905851927,601.8645499999998,-11.396011396010774,2025-11-19 12:50:00-05:00
2025-11-19 17:55:00+00:00,QQQ,597.69,598.19,597.23,597.64,376621.0,1.4443008769719672,601.8127499999998,-15.277777777779578,2025-11-19 12:55:00-05:00
2025-11-19 18:00:00+00:00,QQQ,597.62,598.37,597.26,598.24,347117.0,1.420422242902542,601.7622999999999,-3.439153439153342,2025-11-19 13:00:00-05:00
2025-11-19 18:05:00+00:00,QQQ,598.25,598.43,597.04,598.11,447310.0,1.4182492255523593,601.7087499999999,-8.333333333331849,2025-11-19 13:05:00-05:00
2025-11-19 18:10:00+00:00,QQQ,598.13,598.91,597.59,598.4,545023.0,1.4112314237271861,601.6576999999999,-11.805555555555515,2025-11-19 13:10:00-05:00
2025-11-19 18:15:00+00:00,QQQ,598.43,598.66,597.11,597.53,463658.0,1.4211434648895267,601.5928999999999,-31.94444444444481,2025-11-19 13:15:00-05:00
2025-11-19 18:20:00+00:00,QQQ,597.49,598.51,597.48,598.04,436405.0,1.3932046459688443,601.53225,-20.138888888889294,2025-11-19 13:20:00-05:00
2025-11-19 18:25:00+00:00,QQQ,598.04,598.38,596.68,596.77,468201.0,1.4151185998282159,601.4579499999999,-49.53703703703744,2025-11-19 13:25:00-05:00
2025-11-19 18:30:00+00:00,QQQ,596.74,597.67,596.49,597.58,427335.0,1.398324414126197,601.3854499999999,-45.23809523809367,2025-11-19 13:30:00-05:00
2025-11-19 18:35:00+00:00,QQQ,597.56,599.63,597.38,598.75,673015.0,1.4591583845457543,601.3233499999998,-28.025477707006342,2025-11-19 13:35:00-05:00
2025-11-19 18:40:00+00:00,QQQ,598.74,598.89,597.28,597.63,387242.0,1.4699327856496298,601.2654999999999,-63.69426751592384,2025-11-19 13:40:00-05:00
2025-11-19 18:45:00+00:00,QQQ,597.63,597.67,596.83,597.05,282140.0,1.4249375866746503,601.2092499999998,-82.16560509554306,2025-11-19 13:45:00-05:00
2025-11-19 18:50:00+00:00,QQQ,597.13,598.66,597.09,598.49,418468.0,1.4381563304836047,601.1547499999997,-36.30573248407616,2025-11-19 13:50:00-05:00
2025-11-19 18:55:00+00:00,QQQ,598.5,599.35,598.32,598.93,305483.0,1.409002306877631,601.1096499999996,-22.2929936305748,2025-11-19 13:55:00-05:00
2025-11-19 19:00:00+00:00,QQQ,598.87,599.22,597.87,598.2,507674.0,1.4047878563863734,601.0571999999996,-45.54140127388395,2025-11-19 14:00:00-05:00
2025-11-19 19:05:00+00:00,QQQ,598.21,598.58,597.57,598.09,430827.0,1.376588723787346,600.9992499999996,-49.044585987260206,2025-11-19 14:05:00-05:00
2025-11-19 19:10:00+00:00,QQQ,598.09,598.52,597.57,598.49,516314.0,1.3461181006596736,600.9492999999995,-36.30573248407616,2025-11-19 14:10:00-05:00
2025-11-19 19:15:00+00:00,QQQ,598.48,598.73,597.58,598.08,381820.0,1.3321096648982669,600.8985999999996,-49.36305732483953,2025-11-19 14:15:00-05:00
2025-11-19 19:20:00+00:00,QQQ,598.06,598.28,597.49,597.71,234565.0,1.2933875459769595,600.8389999999997,-68.57142857142821,2025-11-19 14:20:00-05:00
2025-11-19 19:25:00+00:00,QQQ,597.67,597.68,596.26,596.64,455370.0,1.3045741498357513,600.7775499999996,-87.70226537216857,2025-11-19 14:25:00-05:00
2025-11-19 19:30:00+00:00,QQQ,596.64,597.2,596.23,596.61,371583.0,1.2806759962760568,600.7166499999996,-87.82051282051299,2025-11-19 14:30:00-05:00
2025-11-19 19:35:00+00:00,QQQ,596.64,597.04,596.15,596.22,273334.0,1.2527705679706231,600.6561499999996,-97.81249999999847,2025-11-19 14:35:00-05:00
2025-11-19 19:40:00+00:00,QQQ,596.25,596.85,596.1,596.67,266526.0,1.21685838454415,600.6010999999996,-82.46153846154041,2025-11-19 14:40:00-05:00
2025-11-19 19:45:00+00:00,QQQ,596.69,597.01,596.32,596.94,320955.0,1.1792256427909924,600.5532999999996,-73.0769230769221,2025-11-19 14:45:00-05:00
2025-11-19 19:50:00+00:00,QQQ,596.91,598.76,596.91,598.61,523779.0,1.2271380968773518,600.5159999999996,-5.639097744360111,2025-11-19 14:50:00-05:00
2025-11-19 19:55:00+00:00,QQQ,598.59,599.22,597.68,598.21,588003.0,1.249485375671832,600.4799999999996,-32.371794871794535,2025-11-19 14:55:00-05:00
2025-11-19 20:00:00+00:00,QQQ,598.2,598.74,597.88,598.5,342306.0,1.2216649916952738,600.4421499999996,-23.076923076923915,2025-11-19 15:00:00-05:00
2025-11-19 20:05:00+00:00,QQQ,598.47,598.81,598.33,598.64,261615.0,1.1686889208598903,600.3950999999995,-18.589743589744877,2025-11-19 15:05:00-05:00
2025-11-19 20:10:00+00:00,QQQ,598.65,599.42,598.57,599.33,476218.0,1.145925426512749,600.3482499999996,-2.710843373491567,2025-11-19 15:10:00-05:00
2025-11-19 20:15:00+00:00,QQQ,599.35,601.53,599.34,601.31,793862.0,1.2212164674761192,600.3091999999996,-4.051565377532773,2025-11-19 15:15:00-05:00
2025-11-19 20:20:00+00:00,QQQ,601.3,601.75,600.09,600.69,869864.0,1.25255814837068,600.2639999999997,-18.76106194690177,2025-11-19 15:20:00-05:00
2025-11-19 20:25:00+00:00,QQQ,600.67,601.2,600.26,600.92,453238.0,1.2302325663442066,600.2190499999997,-14.69026548672645,2025-11-19 15:25:00-05:00
2025-11-19 20:30:00+00:00,QQQ,600.94,601.23,600.4,600.92,539524.0,1.201644525891052,600.1707499999997,-15.2854511970543,2025-11-19 15:30:00-05:00
2025-11-19 20:35:00+00:00,QQQ,600.94,602.34,600.82,601.35,744040.0,1.2243842026131184,600.1220999999997,-18.232044198894982,2025-11-19 15:35:00-05:00
2025-11-19 20:40:00+00:00,QQQ,601.36,601.46,600.33,600.84,627498.0,1.2176424738550382,600.0733999999997,-32.188841201716166,2025-11-19 15:40:00-05:00
2025-11-19 20:45:00+00:00,QQQ,600.85,600.91,599.26,599.28,623244.0,1.2485251542939626,600.0163499999996,-68.60986547085278,2025-11-19 15:45:00-05:00
2025-11-19 20:50:00+00:00,QQQ,599.26,600.37,598.9,599.98,973174.0,1.2643447861301103,599.9648499999997,-58.852867830424415,2025-11-19 15:50:00-05:00
2025-11-19 20:55:00+00:00,QQQ,600.02,600.65,599.4,599.76,1503377.0,1.263320158549388,599.9145999999998,-68.43501326260089,2025-11-19 15:55:00-05:00
2025-11-20 14:30:00+00:00,QQQ,611.62,612.33,610.21,611.13,3149160.0,2.070940147224435,599.9205499999998,-8.93521965748354,2025-11-20 09:30:00-05:00
2025-11-20 14:35:00+00:00,QQQ,611.15,612.04,610.73,611.58,1530742.0,2.016587279565543,599.9286999999998,-5.584512285927001,2025-11-20 09:35:00-05:00
2025-11-20 14:40:00+00:00,QQQ,611.58,612.24,610.03,611.69,1463222.0,2.0304024738822926,599.9371499999999,-4.765450483990941,2025-11-20 09:40:00-05:00
2025-11-20 14:45:00+00:00,QQQ,611.64,612.98,610.64,611.67,1082476.0,2.0525165828907026,599.9504499999999,-9.303977272727671,2025-11-20 09:45:00-05:00
2025-11-20 14:50:00+00:00,QQQ,611.7,612.86,611.7,612.53,1049684.0,1.9909082555413706,599.9722499999999,-3.19602272727304,2025-11-20 09:50:00-05:00
2025-11-20 14:55:00+00:00,QQQ,612.53,613.57,612.36,613.12,1067502.0,1.9351290944312753,599.9978,-3.0674846625769803,2025-11-20 09:55:00-05:00
2025-11-20 15:00:00+00:00,QQQ,613.19,613.79,612.66,613.27,1306402.0,1.8776198734004697,600.0298499999999,-3.492276695768859,2025-11-20 10:00:00-05:00
2025-11-20 15:05:00+00:00,QQQ,613.28,613.31,611.02,611.33,1192391.0,1.907075596729005,600.0546499999998,-16.52115513767579,2025-11-20 10:05:00-05:00
2025-11-20 15:10:00+00:00,QQQ,611.31,611.85,610.41,611.0,868597.0,1.8737130541055085,600.0812999999999,-19.388464211257585,2025-11-20 10:10:00-05:00
2025-11-20 15:15:00+00:00,QQQ,610.98,612.25,610.34,611.82,726002.0,1.8763049788122557,600.1119999999997,-52.39361702127443,2025-11-20 10:15:00-05:00
2025-11-20 15:20:00+00:00,QQQ,611.86,612.84,611.24,612.58,647069.0,1.8565689088970962,600.1447499999999,-32.18085106382781,2025-11-20 10:20:00-05:00
2025-11-20 15:25:00+00:00,QQQ,612.58,613.03,612.06,612.78,728471.0,1.7932425582615914,600.1769499999997,-26.86170212765939,2025-11-20 10:25:00-05:00
2025-11-20 15:30:00+00:00,QQQ,612.79,612.98,612.78,612.91,26325.0,1.6794395183857669,600.2115999999997,-25.507246376811963,2025-11-20 10:30:00-05:00
2025-11-20 15:35:00+00:00,QQQ,612.88,614.03,612.82,613.6,1117830.0,1.6459081242153495,600.2499999999999,-11.653116531164143,2025-11-20 10:35:00-05:00
2025-11-20 15:40:00+00:00,QQQ,613.61,613.93,612.99,613.85,463773.0,1.5954861153428204,600.2914499999998,-4.878048780486532,2025-11-20 10:40:00-05:00
2025-11-20 15:45:00+00:00,QQQ,613.71,613.8,612.12,612.19,753388.0,1.6050942499611915,600.3235999999998,-49.864498644985034,2025-11-20 10:45:00-05:00
2025-11-20 15:50:00+00:00,QQQ,612.16,612.31,611.36,611.39,532082.0,1.5583018035353873,600.3489,-71.54471544715526,2025-11-20 10:50:00-05:00
2025-11-20 15:55:00+00:00,QQQ,611.23,611.52,610.35,610.43,799509.0,1.530565960425714,600.3677999999998,-97.56097560975827,2025-11-20 10:55:00-05:00
2025-11-20 16:00:00+00:00,QQQ,610.49,610.53,608.86,608.93,1084374.0,1.5405255346810172,600.3847499999999,-98.6460348162488,2025-11-20 11:00:00-05:00
2025-11-20 16:05:00+00:00,QQQ,608.92,609.28,608.06,608.15,930849.0,1.5176308536323753,600.4064499999998,-98.49246231155726,2025-11-20 11:05:00-05:00
2025-11-20 16:10:00+00:00,QQQ,608.15,608.24,606.7,606.82,1150826.0,1.5192286498014889,600.4240499999999,-98.36289222373799,2025-11-20 11:10:00-05:00
2025-11-20 16:15:00+00:00,QQQ,606.83,606.86,606.57,606.71,27721.0,1.4314266033870942,600.4385999999998,-98.123324396783,2025-11-20 11:15:00-05:00
2025-11-20 16:20:00+00:00,QQQ,605.1,605.94,603.97,604.62,1600549.0,1.524896131716588,600.4443499999998,-93.53876739562644,2025-11-20 11:20:00-05:00
2025-11-20 16:25:00+00:00,QQQ,604.51,606.04,603.83,604.3,1866512.0,1.573832122308255,600.4507499999999,-95.34653465346616,2025-11-20 11:25:00-05:00
2025-11-20 16:30:00+00:00,QQQ,604.3,604.83,603.04,603.41,1044569.0,1.589272685000528,600.4527499999997,-96.56133828996278,2025-11-20 11:30:00-05:00
2025-11-20 16:35:00+00:00,QQQ,603.42,603.58,600.94,602.08,1537986.0,1.664324636071918,600.4474999999999,-89.97361477572562,2025-11-20 11:35:00-05:00
2025-11-20 16:40:00+00:00,QQQ,602.06,602.08,600.02,600.23,1670906.0,1.6925871620667854,600.43745,-98.17391304347794,2025-11-20 11:40:00-05:00
2025-11-20 16:45:00+00:00,QQQ,600.29,601.48,599.32,600.49,1911068.0,1.725973793347727,600.4333499999999,-89.5628902765391,2025-11-20 11:45:00-05:00
2025-11-20 16:50:00+00:00,QQQ,600.48,601.8,597.65,598.12,1861293.0,1.8991185223943163,600.4141499999998,-95.95872742906253,2025-11-20 11:50:00-05:00
